Workbook
Name _2D_Model: #REF!
Name _2D_Model: #REF!
Name ACCESSCONTROL: #REF!
Name ACCESSCONTROL: #REF!
Name AFC: #REF!
Name AFC: #REF!
Name ARCHITECTURALMETALWORK: #REF!
Name basisofdesign: #REF!
Name brief: #REF!
Name BUILTINFURNITURE: #REF!
Name buslaneviolation: #REF!
Name CEILINGS: #REF!
Name CHECKINDESK: #REF!
Name chilledwater: #REF!
Name CLOSECURCUITTELEVISION: #REF!
Name Code2: #REF!
Name Code3: #REF!
Name deliveryspecification: #REF!
Name demolition: #REF!
Name DesignandImplementationStandard: #REF!
Name DocType: #REF!
Name document: #REF!
Name DomesticHotWater: #REF!
Name drawingdetail: #REF!
Name drawinggeneralarrangement: #REF!
Name DrawingLineDiagramSchematic: #REF!
Name drawingsection: #REF!
Name drawingsketch: #REF!
Name EarthingandBonding: #REF!
Name equipmentschedule: #REF!
Name escalators: #REF!
Name ExcavationandEarthworks: #REF!
Name FACADE: #REF!
Name FIREDETECTION: #REF!
Name FireFightingPortableEquipment: #REF!
Name FireSuppression: #REF!
Name FIXEDPASSENGERSEATING: #REF!
Name FLOORFINISHES: #REF!
Name fouldrainage: #REF!
Name GENERALBUILDINGSTRUCTUREANDFABRIC: #REF!
Name GeneralProjectManagement: #REF!
Name GENERALSAFETYSECURITYANDFIRE: #REF!
Name GeneralServicesandUtilities: #REF!
Name hardlandscaping: #REF!
Name hardlanscaping: #REF!
Name HeatingVentilationandAirConditioning: #REF!
Name HOSEREELS: #REF!
Name hvnetwork: #REF!
Name INTERNALWALLS: #REF!
Name LIGHTNINGPROTECTION: #REF!
Name linearschedule: #REF!
Name LOOSEFURNITURE: #REF!
Name LowTemperatureHotWater: #REF!
Name lvnetwork: #REF!
Name operationandmaintenance: #REF!
Name passengerlifts: #REF!
Name potablewater: #REF!
Name PUBLICADDRESSVOICEALARM: #REF!
Name PUBLICADDRESSVOICEALARM: #REF!
Name register: #REF!

Sheet Document Control Sheet
B2: #VALUE!
B4: Document Control Box
B5: Document Number | C5: {=MID(CELL("filename"),SEARCH("[",CELL("filename"))+1, SEARCH("]",CELL("filename"))-SEARCH("[",CELL("filename"))-1)} -> TIDP_Template_V2.xlsx
B6: Document Title
B7: Revision
B9: Originator
B10: Checker
B11: Reviewer
B12: Approver

Sheet Project Information
A2: Task Information Delivery Plan (TIDP) Template
A5: PROJECT INFORMATION
B7: Term
B8: Project Name
B9: Project Number
B10: Appointing Party (client)
B11: Appointing Party Information Manager
B12: Lead appointed Party (LAP)
B13: LAP Information Manager
B14: Appointed party
B15: Appointed party Information Manager
B16: Description (Works)

Sheet TIDP
A1: Title Line | B1: File Description | C1: Status | D1: Document Classification | E1: Placeholder Template | F1: Template URN (automatic) | G1: Target Folder | H1: FOLDER URN (automatic) | I1: Project PIN | J1: Originator | K1: Functional Breakdown | L1: Spatial Breakdown | M1: Form | N1: Discipline | O1: Number | P1: Information identification (automatic)
F2: =_xlfn.IFNA(VLOOKUP(TIDP[[#This Row],[Placeholder Template]],'Dropdown list'!$O$1:$P$51,2,FALSE),"") | H2: =_xlfn.IFNA(VLOOKUP(TIDP[[#This Row],[Target Folder]],'Dropdown list'!$Q$1:$R$51,2,FALSE),"") | P2: =IF(CONCATENATE(TIDP[[#This Row],[Project PIN]],"-",TIDP[[#This Row],[Originator]],"-",TIDP[[#This Row],[Functional Breakdown]],"-",TIDP[[#This Row],[Spatial Breakdown]],"-",TIDP[[#This Row],[Form]],"-",TIDP[[#This Row],[Discipline]],"-",TEXT(TIDP[[#This Row],[Number]],"000000"))="------000000","",CONCATENATE(TIDP[[#This Row],[Project PIN]],"-",TIDP[[#This Row],[Originator]],"-",TIDP[[#This Row],[Functional Breakdown]],"-",TIDP[[#This Row],[Spatial Breakdown]],"-",TIDP[[#This Row],[Form]],"-",TIDP[[#This Row],[Discipline]],"-",TEXT(TIDP[[#This Row],[Number]],"000000")))&IF(ISBLANK(TIDP[[#This Row],[Placeholder Template]])=FALSE,"."&RIGHT(TIDP[[#This Row],[Placeholder Template]], LEN(TIDP[[#This Row],[Placeholder Template]]) - FIND(".", TIDP[[#This Row],[Placeholder Template]])),"")
F3: =_xlfn.IFNA(VLOOKUP(TIDP[[#This Row],[Placeholder Template]],'Dropdown list'!$O$1:$P$51,2,FALSE),"") | H3: =_xlfn.IFNA(VLOOKUP(TIDP[[#This Row],[Target Folder]],'Dropdown list'!$Q$1:$R$51,2,FALSE),"") | P3: =IF(CONCATENATE(TIDP[[#This Row],[Project PIN]],"-",TIDP[[#This Row],[Originator]],"-",TIDP[[#This Row],[Functional Breakdown]],"-",TIDP[[#This Row],[Spatial Breakdown]],"-",TIDP[[#This Row],[Form]],"-",TIDP[[#This Row],[Discipline]],"-",TEXT(TIDP[[#This Row],[Number]],"000000"))="------000000","",CONCATENATE(TIDP[[#This Row],[Project PIN]],"-",TIDP[[#This Row],[Originator]],"-",TIDP[[#This Row],[Functional Breakdown]],"-",TIDP[[#This Row],[Spatial Breakdown]],"-",TIDP[[#This Row],[Form]],"-",TIDP[[#This Row],[Discipline]],"-",TEXT(TIDP[[#This Row],[Number]],"000000")))&IF(ISBLANK(TIDP[[#This Row],[Placeholder Template]])=FALSE,"."&RIGHT(TIDP[[#This Row],[Placeholder Template]], LEN(TIDP[[#This Row],[Placeholder Template]]) - FIND(".", TIDP[[#This Row],[Placeholder Template]])),"")
F4: =_xlfn.IFNA(VLOOKUP(TIDP[[#This Row],[Placeholder Template]],'Dropdown list'!$O$1:$P$51,2,FALSE),"") | H4: =_xlfn.IFNA(VLOOKUP(TIDP[[#This Row],[Target Folder]],'Dropdown list'!$Q$1:$R$51,2,FALSE),"") | P4: =IF(CONCATENATE(TIDP[[#This Row],[Project PIN]],"-",TIDP[[#This Row],[Originator]],"-",TIDP[[#This Row],[Functional Breakdown]],"-",TIDP[[#This Row],[Spatial Breakdown]],"-",TIDP[[#This Row],[Form]],"-",TIDP[[#This Row],[Discipline]],"-",TEXT(TIDP[[#This Row],[Number]],"000000"))="------000000","",CONCATENATE(TIDP[[#This Row],[Project PIN]],"-",TIDP[[#This Row],[Originator]],"-",TIDP[[#This Row],[Functional Breakdown]],"-",TIDP[[#This Row],[Spatial Breakdown]],"-",TIDP[[#This Row],[Form]],"-",TIDP[[#This Row],[Discipline]],"-",TEXT(TIDP[[#This Row],[Number]],"000000")))&IF(ISBLANK(TIDP[[#This Row],[Placeholder Template]])=FALSE,"."&RIGHT(TIDP[[#This Row],[Placeholder Template]], LEN(TIDP[[#This Row],[Placeholder Template]]) - FIND(".", TIDP[[#This Row],[Placeholder Template]])),"")
F5: =_xlfn.IFNA(VLOOKUP(TIDP[[#This Row],[Placeholder Template]],'Dropdown list'!$O$1:$P$51,2,FALSE),"") | H5: =_xlfn.IFNA(VLOOKUP(TIDP[[#This Row],[Target Folder]],'Dropdown list'!$Q$1:$R$51,2,FALSE),"") | P5: =IF(CONCATENATE(TIDP[[#This Row],[Project PIN]],"-",TIDP[[#This Row],[Originator]],"-",TIDP[[#This Row],[Functional Breakdown]],"-",TIDP[[#This Row],[Spatial Breakdown]],"-",TIDP[[#This Row],[Form]],"-",TIDP[[#This Row],[Discipline]],"-",TEXT(TIDP[[#This Row],[Number]],"000000"))="------000000","",CONCATENATE(TIDP[[#This Row],[Project PIN]],"-",TIDP[[#This Row],[Originator]],"-",TIDP[[#This Row],[Functional Breakdown]],"-",TIDP[[#This Row],[Spatial Breakdown]],"-",TIDP[[#This Row],[Form]],"-",TIDP[[#This Row],[Discipline]],"-",TEXT(TIDP[[#This Row],[Number]],"000000")))&IF(ISBLANK(TIDP[[#This Row],[Placeholder Template]])=FALSE,"."&RIGHT(TIDP[[#This Row],[Placeholder Template]], LEN(TIDP[[#This Row],[Placeholder Template]]) - FIND(".", TIDP[[#This Row],[Placeholder Template]])),"")
F6: =_xlfn.IFNA(VLOOKUP(TIDP[[#This Row],[Placeholder Template]],'Dropdown list'!$O$1:$P$51,2,FALSE),"") | H6: =_xlfn.IFNA(VLOOKUP(TIDP[[#This Row],[Target Folder]],'Dropdown list'!$Q$1:$R$51,2,FALSE),"") | P6: =IF(CONCATENATE(TIDP[[#This Row],[Project PIN]],"-",TIDP[[#This Row],[Originator]],"-",TIDP[[#This Row],[Functional Breakdown]],"-",TIDP[[#This Row],[Spatial Breakdown]],"-",TIDP[[#This Row],[Form]],"-",TIDP[[#This Row],[Discipline]],"-",TEXT(TIDP[[#This Row],[Number]],"000000"))="------000000","",CONCATENATE(TIDP[[#This Row],[Project PIN]],"-",TIDP[[#This Row],[Originator]],"-",TIDP[[#This Row],[Functional Breakdown]],"-",TIDP[[#This Row],[Spatial Breakdown]],"-",TIDP[[#This Row],[Form]],"-",TIDP[[#This Row],[Discipline]],"-",TEXT(TIDP[[#This Row],[Number]],"000000")))&IF(ISBLANK(TIDP[[#This Row],[Placeholder Template]])=FALSE,"."&RIGHT(TIDP[[#This Row],[Placeholder Template]], LEN(TIDP[[#This Row],[Placeholder Template]]) - FIND(".", TIDP[[#This Row],[Placeholder Template]])),"")
F7: =_xlfn.IFNA(VLOOKUP(TIDP[[#This Row],[Placeholder Template]],'Dropdown list'!$O$1:$P$51,2,FALSE),"") | H7: =_xlfn.IFNA(VLOOKUP(TIDP[[#This Row],[Target Folder]],'Dropdown list'!$Q$1:$R$51,2,FALSE),"") | P7: =IF(CONCATENATE(TIDP[[#This Row],[Project PIN]],"-",TIDP[[#This Row],[Originator]],"-",TIDP[[#This Row],[Functional Breakdown]],"-",TIDP[[#This Row],[Spatial Breakdown]],"-",TIDP[[#This Row],[Form]],"-",TIDP[[#This Row],[Discipline]],"-",TEXT(TIDP[[#This Row],[Number]],"000000"))="------000000","",CONCATENATE(TIDP[[#This Row],[Project PIN]],"-",TIDP[[#This Row],[Originator]],"-",TIDP[[#This Row],[Functional Breakdown]],"-",TIDP[[#This Row],[Spatial Breakdown]],"-",TIDP[[#This Row],[Form]],"-",TIDP[[#This Row],[Discipline]],"-",TEXT(TIDP[[#This Row],[Number]],"000000")))&IF(ISBLANK(TIDP[[#This Row],[Placeholder Template]])=FALSE,"."&RIGHT(TIDP[[#This Row],[Placeholder Template]], LEN(TIDP[[#This Row],[Placeholder Template]]) - FIND(".", TIDP[[#This Row],[Placeholder Template]])),"")
F8: =_xlfn.IFNA(VLOOKUP(TIDP[[#This Row],[Placeholder Template]],'Dropdown list'!$O$1:$P$51,2,FALSE),"") | H8: =_xlfn.IFNA(VLOOKUP(TIDP[[#This Row],[Target Folder]],'Dropdown list'!$Q$1:$R$51,2,FALSE),"") | P8: =IF(CONCATENATE(TIDP[[#This Row],[Project PIN]],"-",TIDP[[#This Row],[Originator]],"-",TIDP[[#This Row],[Functional Breakdown]],"-",TIDP[[#This Row],[Spatial Breakdown]],"-",TIDP[[#This Row],[Form]],"-",TIDP[[#This Row],[Discipline]],"-",TEXT(TIDP[[#This Row],[Number]],"000000"))="------000000","",CONCATENATE(TIDP[[#This Row],[Project PIN]],"-",TIDP[[#This Row],[Originator]],"-",TIDP[[#This Row],[Functional Breakdown]],"-",TIDP[[#This Row],[Spatial Breakdown]],"-",TIDP[[#This Row],[Form]],"-",TIDP[[#This Row],[Discipline]],"-",TEXT(TIDP[[#This Row],[Number]],"000000")))&IF(ISBLANK(TIDP[[#This Row],[Placeholder Template]])=FALSE,"."&RIGHT(TIDP[[#This Row],[Placeholder Template]], LEN(TIDP[[#This Row],[Placeholder Template]]) - FIND(".", TIDP[[#This Row],[Placeholder Template]])),"")
F9: =_xlfn.IFNA(VLOOKUP(TIDP[[#This Row],[Placeholder Template]],'Dropdown list'!$O$1:$P$51,2,FALSE),"") | H9: =_xlfn.IFNA(VLOOKUP(TIDP[[#This Row],[Target Folder]],'Dropdown list'!$Q$1:$R$51,2,FALSE),"") | P9: =IF(CONCATENATE(TIDP[[#This Row],[Project PIN]],"-",TIDP[[#This Row],[Originator]],"-",TIDP[[#This Row],[Functional Breakdown]],"-",TIDP[[#This Row],[Spatial Breakdown]],"-",TIDP[[#This Row],[Form]],"-",TIDP[[#This Row],[Discipline]],"-",TEXT(TIDP[[#This Row],[Number]],"000000"))="------000000","",CONCATENATE(TIDP[[#This Row],[Project PIN]],"-",TIDP[[#This Row],[Originator]],"-",TIDP[[#This Row],[Functional Breakdown]],"-",TIDP[[#This Row],[Spatial Breakdown]],"-",TIDP[[#This Row],[Form]],"-",TIDP[[#This Row],[Discipline]],"-",TEXT(TIDP[[#This Row],[Number]],"000000")))&IF(ISBLANK(TIDP[[#This Row],[Placeholder Template]])=FALSE,"."&RIGHT(TIDP[[#This Row],[Placeholder Template]], LEN(TIDP[[#This Row],[Placeholder Template]]) - FIND(".", TIDP[[#This Row],[Placeholder Template]])),"")
F10: =_xlfn.IFNA(VLOOKUP(TIDP[[#This Row],[Placeholder Template]],'Dropdown list'!$O$1:$P$51,2,FALSE),"") | H10: =_xlfn.IFNA(VLOOKUP(TIDP[[#This Row],[Target Folder]],'Dropdown list'!$Q$1:$R$51,2,FALSE),"") | P10: =IF(CONCATENATE(TIDP[[#This Row],[Project PIN]],"-",TIDP[[#This Row],[Originator]],"-",TIDP[[#This Row],[Functional Breakdown]],"-",TIDP[[#This Row],[Spatial Breakdown]],"-",TIDP[[#This Row],[Form]],"-",TIDP[[#This Row],[Discipline]],"-",TEXT(TIDP[[#This Row],[Number]],"000000"))="------000000","",CONCATENATE(TIDP[[#This Row],[Project PIN]],"-",TIDP[[#This Row],[Originator]],"-",TIDP[[#This Row],[Functional Breakdown]],"-",TIDP[[#This Row],[Spatial Breakdown]],"-",TIDP[[#This Row],[Form]],"-",TIDP[[#This Row],[Discipline]],"-",TEXT(TIDP[[#This Row],[Number]],"000000")))&IF(ISBLANK(TIDP[[#This Row],[Placeholder Template]])=FALSE,"."&RIGHT(TIDP[[#This Row],[Placeholder Template]], LEN(TIDP[[#This Row],[Placeholder Template]]) - FIND(".", TIDP[[#This Row],[Placeholder Template]])),"")
F11: =_xlfn.IFNA(VLOOKUP(TIDP[[#This Row],[Placeholder Template]],'Dropdown list'!$O$1:$P$51,2,FALSE),"") | H11: =_xlfn.IFNA(VLOOKUP(TIDP[[#This Row],[Target Folder]],'Dropdown list'!$Q$1:$R$51,2,FALSE),"") | P11: =IF(CONCATENATE(TIDP[[#This Row],[Project PIN]],"-",TIDP[[#This Row],[Originator]],"-",TIDP[[#This Row],[Functional Breakdown]],"-",TIDP[[#This Row],[Spatial Breakdown]],"-",TIDP[[#This Row],[Form]],"-",TIDP[[#This Row],[Discipline]],"-",TEXT(TIDP[[#This Row],[Number]],"000000"))="------000000","",CONCATENATE(TIDP[[#This Row],[Project PIN]],"-",TIDP[[#This Row],[Originator]],"-",TIDP[[#This Row],[Functional Breakdown]],"-",TIDP[[#This Row],[Spatial Breakdown]],"-",TIDP[[#This Row],[Form]],"-",TIDP[[#This Row],[Discipline]],"-",TEXT(TIDP[[#This Row],[Number]],"000000")))&IF(ISBLANK(TIDP[[#This Row],[Placeholder Template]])=FALSE,"."&RIGHT(TIDP[[#This Row],[Placeholder Template]], LEN(TIDP[[#This Row],[Placeholder Template]]) - FIND(".", TIDP[[#This Row],[Placeholder Template]])),"")
F12: =_xlfn.IFNA(VLOOKUP(TIDP[[#This Row],[Placeholder Template]],'Dropdown list'!$O$1:$P$51,2,FALSE),"") | H12: =_xlfn.IFNA(VLOOKUP(TIDP[[#This Row],[Target Folder]],'Dropdown list'!$Q$1:$R$51,2,FALSE),"") | P12: =IF(CONCATENATE(TIDP[[#This Row],[Project PIN]],"-",TIDP[[#This Row],[Originator]],"-",TIDP[[#This Row],[Functional Breakdown]],"-",TIDP[[#This Row],[Spatial Breakdown]],"-",TIDP[[#This Row],[Form]],"-",TIDP[[#This Row],[Discipline]],"-",TEXT(TIDP[[#This Row],[Number]],"000000"))="------000000","",CONCATENATE(TIDP[[#This Row],[Project PIN]],"-",TIDP[[#This Row],[Originator]],"-",TIDP[[#This Row],[Functional Breakdown]],"-",TIDP[[#This Row],[Spatial Breakdown]],"-",TIDP[[#This Row],[Form]],"-",TIDP[[#This Row],[Discipline]],"-",TEXT(TIDP[[#This Row],[Number]],"000000")))&IF(ISBLANK(TIDP[[#This Row],[Placeholder Template]])=FALSE,"."&RIGHT(TIDP[[#This Row],[Placeholder Template]], LEN(TIDP[[#This Row],[Placeholder Template]]) - FIND(".", TIDP[[#This Row],[Placeholder Template]])),"")
F13: =_xlfn.IFNA(VLOOKUP(TIDP[[#This Row],[Placeholder Template]],'Dropdown list'!$O$1:$P$51,2,FALSE),"") | H13: =_xlfn.IFNA(VLOOKUP(TIDP[[#This Row],[Target Folder]],'Dropdown list'!$Q$1:$R$51,2,FALSE),"") | P13: =IF(CONCATENATE(TIDP[[#This Row],[Project PIN]],"-",TIDP[[#This Row],[Originator]],"-",TIDP[[#This Row],[Functional Breakdown]],"-",TIDP[[#This Row],[Spatial Breakdown]],"-",TIDP[[#This Row],[Form]],"-",TIDP[[#This Row],[Discipline]],"-",TEXT(TIDP[[#This Row],[Number]],"000000"))="------000000","",CONCATENATE(TIDP[[#This Row],[Project PIN]],"-",TIDP[[#This Row],[Originator]],"-",TIDP[[#This Row],[Functional Breakdown]],"-",TIDP[[#This Row],[Spatial Breakdown]],"-",TIDP[[#This Row],[Form]],"-",TIDP[[#This Row],[Discipline]],"-",TEXT(TIDP[[#This Row],[Number]],"000000")))&IF(ISBLANK(TIDP[[#This Row],[Placeholder Template]])=FALSE,"."&RIGHT(TIDP[[#This Row],[Placeholder Template]], LEN(TIDP[[#This Row],[Placeholder Template]]) - FIND(".", TIDP[[#This Row],[Placeholder Template]])),"")
... F149: =_xlfn.IFNA(VLOOKUP(TIDP[[#This Row],[Placeholder Template]],'Dropdown list'!$O$1:$P$51,2,FALSE),"") | H149: =_xlfn.IFNA(VLOOKUP(TIDP[[#This Row],[Target Folder]],'Dropdown list'!$Q$1:$R$51,2,FALSE),"") | P149: =IF(CONCATENATE(TIDP[[#This Row],[Project PIN]],"-",TIDP[[#This Row],[Originator]],"-",TIDP[[#This Row],[Functional Breakdown]],"-",TIDP[[#This Row],[Spatial Breakdown]],"-",TIDP[[#This Row],[Form]],"-",TIDP[[#This Row],[Discipline]],"-",TEXT(TIDP[[#This Row],[Number]],"000000"))="------000000","",CONCATENATE(TIDP[[#This Row],[Project PIN]],"-",TIDP[[#This Row],[Originator]],"-",TIDP[[#This Row],[Functional Breakdown]],"-",TIDP[[#This Row],[Spatial Breakdown]],"-",TIDP[[#This Row],[Form]],"-",TIDP[[#This Row],[Discipline]],"-",TEXT(TIDP[[#This Row],[Number]],"000000")))&IF(ISBLANK(TIDP[[#This Row],[Placeholder Template]])=FALSE,"."&RIGHT(TIDP[[#This Row],[Placeholder Template]], LEN(TIDP[[#This Row],[Placeholder Template]]) - FIND(".", TIDP[[#This Row],[Placeholder Template]])),"")

Sheet Dropdown list
